<?xml version="1.0" encoding="utf-8"?>
<ModMetaData>
	<packageId>MrChimick.TooManyAreas</packageId>
	<name>Too Many Areas</name>
	<author>mr_chimick</author>
	<supportedVersions>
		<li>1.1</li>
		<li>1.2</li>
		<li>1.3</li>
		<li>1.4</li>
	</supportedVersions>
	<modDependencies>
		<li>
			<packageId>brrainz.harmony</packageId>
			<displayName>Harmony</displayName>
			<steamWorkshopUrl>steam://url/CommunityFilePage/2009463077</steamWorkshopUrl>
			<downloadUrl>https://github.com/pardeike/HarmonyRimWorld/releases/latest</downloadUrl>
		</li>
	</modDependencies>
    <description><![CDATA[This mod adds an alternate layout for the areas on the schedule and animal tabs, so that when you have too many areas it looks much better.]]>
    </description>
</ModMetaData>
